,Laptop Name,Price,Rating
0,ASUS Vivobook 15 Core i3 11th Gen,35990,4.2
1,ASUS VivoBook 14 (2021) Celeron Dual Core,21990,4.1
2,ASUS Vivobook 15 Core i5 11th Gen,45990,4.3
3,HP Victus Intel Core i5 11th Gen,58990,4.1
4,Lenovo IdeaPad Slim 3 Intel Core i3 11th Gen,33490,0
5,ASUS TUF Gaming A17 with 90Whr Battery Ryzen 5 Hexa Core AMD R5,53990,4.4
6,RedmiBook Pro Core i5 11th Gen,37990,4.1
7,HP Victus Intel Core i5 12th Gen,64990,4.3
8,ASUS TUF Dash F15 (2022) Core i5 12th Gen,73990,4.4
9,Infinix INBook X2 Plus Core i5 11th Gen,41990,4.3
10,HP 14s Intel Core i3 11th Gen,40990,4.3
11,MSI Bravo 15 Ryzen 7 Octa Core 5800H,62990,0
12,HP 15s Intel Core i3 12th Gen,44490,4.2
13,Lenovo IdeaPad Gaming 3 Intel Core i5 11th Gen,51990,4.3
14,ASUS VivoBook K15 OLED Ryzen 5 Hexa Core AMD R5,50990,4.5
15,HP Victus Ryzen 7 Octa Core 5800H,81990,4
16,Infinix Y1 Plus Neo Intel Celeron Quad Core 11th Gen,25490,0
17,Infinix Y1 Plus Neo Intel Celeron Quad Core 11th Gen,25490,0
18,Infinix Y1 Plus Neo Intel Celeron Quad Core 11th Gen,22990,0
19,HP Pavilion Gaming Ryzen 7 Octa Core AMD R7,79999,4.4
20,ASUS TUF Gaming F15 Core i5 10th Gen,54990,4.5
21,ASUS TUF Gaming A15 Ryzen 5 Hexa Core AMD R5,54990,4.5
22,ASUS Chromebook Celeron Dual Core,16990,3.7
23,HP Victus Intel Core i7 12th Gen,82990,4.5
24,HP Victus Intel Core i5 11th Gen,58990,4.1
25,HP Victus Intel Core i5 12th Gen,64990,4.3
26,ASUS Vivobook 15 Core i3 11th Gen,35990,4.2
27,ASUS VivoBook 14 (2021) Celeron Dual Core,21990,4.1
28,ASUS Vivobook 15 Core i5 11th Gen,45990,4.3
29,Lenovo IdeaPad Slim 3 Intel Core i3 11th Gen,33490,0
30,ASUS TUF Gaming A17 with 90Whr Battery Ryzen 5 Hexa Core AMD R5,53990,4.4
31,HP Pavilion Gaming Ryzen 7 Octa Core AMD R7,79999,4.4
32,RedmiBook Pro Core i5 11th Gen,37990,4.1
33,ASUS TUF Dash F15 (2022) Core i5 12th Gen,73990,4.4
34,Infinix INBook X2 Plus Core i5 11th Gen,41990,4.3
35,HP Victus Intel Core i7 12th Gen,82990,4.5
36,HP 14s Intel Core i3 11th Gen,40990,4.3
37,HP 15s Intel Core i3 12th Gen,44490,4.2
38,Lenovo IdeaPad Gaming 3 Intel Core i5 11th Gen,51990,4.3
39,HP OMEN Ryzen 7 Octa Core AMD R7,110380,4.3
40,ASUS VivoBook K15 OLED Ryzen 5 Hexa Core AMD R5,50990,4.5
41,Infinix Y1 Plus Neo Intel Celeron Quad Core 11th Gen,25490,0
42,Infinix Y1 Plus Neo Intel Celeron Quad Core 11th Gen,25490,0
43,Lenovo Ryzen 5 Hexa Core,63900,0
44,Infinix Y1 Plus Neo Intel Celeron Quad Core 11th Gen,22990,0
45,ASUS TUF Gaming F15 Core i5 10th Gen,54990,4.5
46,ASUS TUF Gaming A15 Ryzen 5 Hexa Core AMD R5,54990,4.5
47,acer Swift Go 14 Ryzen 5 Hexa Core 7530U,62990,0
48,ASUS TUF Gaming F15 Core i5 10th Gen,58990,4.4
49,HP Pavilion Intel Core i5 12th Gen,66999,4.4
50,Lenovo Legion 5 Ryzen 7 Octa Core 5800H,103990,4.8
51,HP Victus Intel Core i5 11th Gen,58990,4.1
52,HP Laptop Ryzen 3 Quad Core 5300U,37490,4.2
53,Lenovo Ideapad Gaming 3 Ryzen 5 Hexa Core AMD R5,53990,4.4
54,ASUS TUF Gaming A17 with 90Whr Battery Ryzen 7 Octa Core AMD R7,67990,4.4
55,HP Victus Intel Core i5 12th Gen,64990,4.3
56,HP Ryzen 3 Dual Core 3250U,31990,3.8
57,Infinix INBook X2 Plus Core i7 11th Gen,48990,4
58,ASUS Vivobook K15 OLED Ryzen 5 Hexa Core AMD R5,50990,4.5
59,MSI Bravo 15 Ryzen 7 Octa Core 5800H,62990,0
60,Lenovo IdeaPad 3 Ryzen 5 Hexa Core 5500U,44538,4.3
61,HP 15s Intel Core i5 12th Gen,58490,4.2
62,Lenovo IdeaPad Slim 3 Intel Core i3 11th Gen,38331,4.3
63,HP Victus Ryzen 7 Octa Core 5800H,81990,4
64,HP Victus Ryzen 5 Hexa Core 5600H,54500,4.5
65,HP Pavilion Core i7 12th Gen,84999,4.7
66,ASUS Vivobook 15 Ryzen 3 Dual Core AMD R3,34990,4.3
67,HP Pavilion Gaming Ryzen 7 Octa Core AMD R7,79999,4.4
68,ASUS VivoBook K15 OLED (2022) Ryzen 5 Hexa Core AMD R5,49990,4.4
69,ASUS VivoBook K15 OLED Ryzen 7 Octa Core AMD R7,57990,4.4
70,ASUS VivoBook 14 Core i3 7th Gen,31490,4.3
71,HP Victus Intel Core i7 12th Gen,82990,4.5
72,ASUS Vivobook 15 OLED (2022) Core i5 12th Gen,65990,4.5
73,Infinix INBook Y1 Plus Intel Core i3 10th Gen,29990,4.2
74,HP Chromebook MediaTek Kompanio 500,19990,3.8
75,HP Victus Intel Core i5 11th Gen,58990,4.1
76,DELL Core i3 12th Gen,43990,4.3
77,MSI Bravo 15 Ryzen 5 Hexa Core AMD R5,54990,4.4
78,acer Aspire Core i3 12th Gen,42990,4.1
79,HP Victus Intel Core i5 12th Gen,64990,4.3
80,Lenovo Ryzen 3 Hexa Core 5300U,33990,0
81,realme Book(Slim) Intel Evo Core i5 11th Gen,59990,4.4
82,APPLE 2022 MacBook AIR M2,129990,4.7
83,MSI Bravo 15 Ryzen 7 Octa Core 5800H,62990,0
84,ASUS Vivobook 14 (2022) Core i5 12th Gen,53990,4.6
85,ASUS Vivobook Go 15 (2023) Ryzen 3 Quad Core 7320U,39990,0
86,acer Aspire 7 Core i5 12th Gen,58990,4.3
87,HP Victus Ryzen 7 Octa Core 5800H,81990,4
88,HP Pavilion x360 (2023) Intel Core i5 13th Gen,79990,0
89,MSI Katana GF66 Core i7 12th Gen,80990,4.3
90,HP 14s Intel Core i3 11th Gen,38490,4.2
91,HP Pavilion Gaming Ryzen 7 Octa Core AMD R7,79999,4.4
92,HP Ryzen 5 Hexa Core 5500U,45490,4.3
93,ASUS Vivobook S14 OLED (2022) Intel EVO Core i7 12th Gen,82990,4.1
94,Lenovo IdeaPad Gaming 3 Ryzen 5 Hexa Core 5600H,54990,3.6
95,HP Victus Intel Core i7 12th Gen,82990,4.5
96,APPLE 2022 MacBook AIR M2,135990,4.5
97,APPLE 2023 MacBook Pro M2 Pro,269900,0
98,ASUS Vivobook 15 Core i3 11th Gen,36815,0
99,HP Victus Intel Core i5 11th Gen,58990,4.1
100,APPLE 2022 MacBook Pro M2,135990,4.5
101,ASUS ROG Strix G15 Ryzen 7 Octa Core AMD R7,85990,4.4
102,DELL Inspiron Core i5 11th Gen,53490,4.2
103,HP Victus Intel Core i5 12th Gen,64990,4.3
104,HP Pavilion Ryzen 5 Hexa Core 5625U,56999,4.2
105,ASUS VivoBook K15 OLED (2022) Core i3 11th Gen,42090,4.4
106,ASUS ZenBook Duo 14 (2021) Touch Panel Core i5 11th Gen,74990,0
107,MSI Bravo 15 Ryzen 7 Octa Core 5800H,62990,0
108,ASUS EeeBook 14 with NumberPad Pentium Silver,27990,4.1
109,ASUS Vivobook S14 OLED (2022) Intel EVO Core i5 12th Gen,70990,4.4
110,ASUS Vivobook 14 (2022) Core i3 12th Gen,43990,4.3
111,HP Victus Ryzen 7 Octa Core 5800H,81990,4
112,Lenovo IdeaPad 3 Intel Core i5 11th Gen,50990,4.2
113,DELL Inspiron Ryzen 3 Dual Core 3250U,35990,4.2
114,APPLE 2022 MacBook Pro M2,135990,4.6
115,HP Pavilion Gaming Ryzen 7 Octa Core AMD R7,79999,4.4
116,MSI Crosshair 15 Core i7 12th Gen,109990,4.5
117,APPLE 2023 MacBook Pro M2 Max,349900,0
118,ASUS Vivobook Pro 15 Ryzen 7 Octa Core AMD R7,59990,4.4
119,HP Victus Intel Core i7 12th Gen,82990,4.5
120,ASUS ROG Strix G15 Ryzen 7 Octa Core AMD R7,74990,4.5
121,MSI Alpha 15 AMD Advantage Edition Ryzen 7 Octa Core 5800H,74990,4.5
122,Lenovo IdeaPad Gaming 3 Ryzen 7 Octa Core AMD R7,72990,4.5
123,HP Victus Intel Core i5 11th Gen,58990,4.1
124,ASUS Vivobook 16X Ryzen 5 Hexa Core R5,54990,4.5
125,DELL G15 Core i7 12th Gen,138900,4.2
126,HP Laptop Core i3 11th Gen,40990,3.8
127,HP Victus Intel Core i5 12th Gen,64990,4.3
128,Lenovo Ideapad Gaming 3 Ryzen 5 Hexa Core AMD R5,66990,4.4
129,ASUS Vivobook Go 15 OLED (2023) Ryzen 3 Quad Core 7320U,47990,4.9
130,realme Book (Slim) Core i3 11th Gen,46990,4.4
131,MSI Bravo 15 Ryzen 7 Octa Core 5800H,62990,0
132,Lenovo IdeaPad Gaming 3 Intel Core i5 11th Gen,53990,4.3
133,MSI Core i7 12th Gen,170990,4.5
134,HP Athlon Dual Core 3050U,34999,4
135,HP Victus Ryzen 7 Octa Core 5800H,81990,4
136,acer Aspire 7 Ryzen 5 Hexa Core AMD R5,52990,4.4
137,MSI Core i7 13th Gen,75990,0
138,ASUS Chromebook Flip Touch Celeron Dual Core,14990,4
139,HP Pavilion Gaming Ryzen 7 Octa Core AMD R7,79999,4.4
140,HP 15s Intel Core i3 11th Gen,40990,4.2
141,HP Pavilion (2023) Eyesafe Intel Core i7 12th Gen,90990,4.3
142,ASUS VivoBook K15 OLED Ryzen 7 Octa Core AMD R7,57990,4.4
143,HP Victus Intel Core i7 12th Gen,82990,4.5
144,DELL Core i7 11th Gen,103490,4.1
145,ASUS ROG Strix SCAR 18 (2023) Core i9 13th Gen,279990,0
146,ASUS Vivobook 14 (2022) Core i5 12th Gen,63990,4.4
147,HP Victus Intel Core i5 11th Gen,58990,4.1
148,Infinix X1 Slim Series Core i5 10th Gen,36990,4.2
149,ASUS ROG Flow Z13 (2022) Core i9 12th Gen,181990,0
150,MSI Crosshair 15 Core i7 12th Gen,109990,4.5
151,HP Victus Intel Core i5 12th Gen,64990,4.3
152,HP 15s Intel Core i3 11th Gen,40450,4.3
153,HP Victus Core i7 12th Gen,83699,0
154,HP Pavilion Intel Core i5 12th Gen,62999,4.3
155,HP Victus Ryzen 7 Octa Core 5800H,81990,4
156,HP Pavilion (2023) Eyesafe Intel Core i5 12th Gen,72990,4.3
157,HP Pavilion Intel Core i3 11th Gen,52990,4.3
158,ASUS Vivobook 14 (2022) Core i5 12th Gen,53990,4.6
159,HP Pavilion Gaming Ryzen 7 Octa Core AMD R7,79900,4.4
160,ASUS Zenbook 14 OLED (2023) Ryzen 7 Octa Core 7730U,104990,0
161,ASUS VivoBook 14 (2022) Ryzen 5 Quad Core AMD R5,38990,4.2
162,ASUS Zenbook 14 Flip Ryzen 5 Hexa Core 5600H,88990,4.8
163,HP Victus Intel Core i7 12th Gen,82990,4.5
164,DELL Core i5 12th Gen,63890,3.9
165,DELL Ryzen 5 Hexa Core AMD R5,74490,3.7
166,ASUS ROG Strix G15 Ryzen 7 Octa Core AMD R7,74990,4.5
167,HP OMEN Ryzen 7 Octa Core AMD R7,110380,4.3
168,ASUS ROG Zephyrus G14 (2022) Ryzen 9 Octa Core 6900HS,191990,0
169,ASUS ROG Zephyrus Duo 16 (2022) Dual Screen Laptop with 90Whr Battery Ryzen 7 Octa Core 6800H,224990,0
170,acer Swift 3 Core i5 12th Gen,64150,4.4
171,HP Victus Intel Core i5 11th Gen,58990,4.1
172,DELL Inspiron Core i3 11th Gen,42990,3.5
173,ASUS Zenbook Pro 14 Duo OLED (2022) with Dual Screen Touch Panel Core i9 12th Gen,184004,0
174,DELL Vostro Core i3 10th Gen,40690,4.1
175,HP Victus Intel Core i5 12th Gen,64990,4.3
176,ASUS VivoBook Flip 14 Core i3 11th Gen,44990,4.4
177,HP Pavilion Aero (2023) Ryzen 5 Hexa Core 7535U,68990,4.7
178,ASUS ROG Zephyrus Duo 16 Ryzen 9 16 Core 7945HX,379990,0
179,HP Victus Ryzen 7 Octa Core 5800H,81990,4
180,Lenovo Ideapad AMD Ryzen 5 Hexa Core 5500U,48490,4.5
181,Lenovo IdeaPad Gaming 3 Ryzen 7 Octa Core AMD R7,67990,4.5
182,acer Aspire 5 Core i5 12th Gen,57990,3.3
183,HP Pavilion Gaming Ryzen 7 Octa Core AMD R7,79900,4.4
184,HP Pavilion Ryzen 5 Hexa Core 5625U,59490,4.3
185,DELL Inspiron Core i3 11th Gen,44900,4.2
186,HP Ryzen 5 Hexa Core 5500U,50990,4.3
187,HP Victus Intel Core i7 12th Gen,82990,4.5
188,DELL Core i5 12th Gen,82990,4.6
189,ASUS Vivobook 15 Core i3 12th Gen,44890,0
190,DELL Inspiron Core i5 11th Gen,62490,4.3
191,HP OMEN Ryzen 7 Octa Core AMD R7,110380,4.3
192,MSI Core i7 13th Gen,189990,0
193,HP Ryzen 5 Hexa Core 5500U,50990,4.3
194,ASUS Vivobook AMD R5 5600H Ryzen 5 Hexa Core 10th Gen,54990,0
195,HP Victus Intel Core i5 11th Gen,58990,4.1
196,DELL Inspiron Ryzen 5 Hexa Core 5500U,65000,4.4
197,DELL Inspiron Core i5 11th Gen,59890,4.2
198,MSI Core i9 13th Gen,359990,0
199,HP Victus Intel Core i5 12th Gen,64990,4.3
200,DELL Inspiron Core i5 11th Gen,55490,4
201,DELL Inspiron 14 3000 Series Core i3 7th Gen,30990,3.8
202,acer Aspire 3 Pentium Quad Core,19990,4.2
203,HP Victus Ryzen 7 Octa Core 5800H,81990,4
204,ASUS ROG Zephyrus G15 Ryzen 9 Octa Core AMD R9,189990,0
205,HP Ryzen 3 Quad Core 5300U,38490,4.2
206,ASUS ZenBook 13 Core i7 8th Gen,66990,4.3
207,MSI Bravo 15 Ryzen 7 Octa Core 5800H,62990,0
208,DELL Core i9 12th Gen,138990,5
209,Lenovo IdeaPad Gaming 3 Intel Core i5 11th Gen,66990,4.3
210,ASUS ROG Zephyrus Duo 16 (2022) Dual Screen Laptop with 90Whr Battery Ryzen 7 Octa Core 6800H,224990,0
211,HP Pavilion Gaming Ryzen 7 Octa Core AMD R7,79999,4.4
212,HP Victus Ryzen 5 Hexa Core 5600H,67490,4.7
213,Infinix INBook X2 Plus Core i3 11th Gen,31990,4.2
214,ASUS Vivobook Flip Core i5 12th Gen,79990,4.2
215,HP Victus Intel Core i7 12th Gen,82990,4.5
216,acer Core i7 6th Gen,116640,0
217,DELL Ryzen 7 Octa Core AMD R7,87099,4.4
218,APPLE 2020 Macbook Air M1,84490,4.7
219,HP Victus Intel Core i5 11th Gen,58990,4.1
220,HP Ryzen 5 Hexa Core 5500U,47990,4.3
221,ASUS ROG Strix G15 (2022) Ryzen 7 Octa Core AMD R7,92990,4.4
222,ASUS Vivobook Pro 15 Ryzen 7 Octa Core AMD R7,59990,4.4
223,HP Victus Intel Core i5 12th Gen,64990,4.3
224,APPLE 2021 Macbook Pro M1 Pro,259900,4.8
225,ASUS ROG Strix G15 Advantage Edition with 90Whr Battery Ryzen 9 Octa Core 5980HX,134990,4.9
226,MSI Core i5 12th Gen,54990,0
227,MSI Bravo 15 Ryzen 7 Octa Core 5800H,62990,0
228,HP Victus Ryzen 5 Hexa Core 5600H,57990,4.1
229,ASUS ROG Strix G15 Advantage Edition Ryzen 9 Octa Core AMD R9,146990,4.6
230,SAMSUNG Galaxy Book3 Core i7 Core i7 13th Gen,89990,0
231,HP Victus Ryzen 7 Octa Core 5800H,81990,4
232,HP Pavilion Aero (2023) Ryzen 5 Hexa Core 7535U,68990,4.4
233,Lenovo Athlon Dual Core 3050U,20990,3.8
234,HP Core i5 12th Gen,68990,0
235,HP Pavilion Gaming Ryzen 7 Octa Core AMD R7,79999,4.4
236,APPLE 2023 MacBook Pro M2 Pro,249900,0
237,APPLE MacBook Air M1,129990,4.7
238,ASUS ROG Strix SCAR 15 Core i9 12th Gen,274990,0
239,HP Victus Intel Core i7 12th Gen,82990,4.5
240,ASUS Core i5 10th Gen,68804,0
241,ASUS TUF Dash F15 Core i7 12th Gen,146000,4.9
242,ASUS ROG Strix SCAR 15 (2022) Core i9 12th Gen,274990,5
243,HP Victus Intel Core i5 11th Gen,58990,4.1
244,DELL Core i5 12th Gen,57990,4.1
245,HP Victus Ryzen 7 Octa Core 5800H,81990,4
246,ASUS VivoBook 14 (2022) Core i5 11th Gen,52990,4.2
247,HP Victus Intel Core i5 12th Gen,64990,4.3
248,ALIENWARE Core i9 10th Gen,325990,4.6
249,ASUS Core i3 12th Gen,42990,3.9
250,ASUS VivoBook Flip 14 Core i3 11th Gen,44990,4.4
251,MSI Bravo 15 Ryzen 7 Octa Core 5800H,62990,0
252,Lenovo IdeaPad 1 Ryzen 3 Dual Core 3250U,36990,4.2
253,HP 15s Intel Core i5 12th Gen,62490,4.1
254,HP Pavilion (2023) Eyesafe Ryzen 5 Hexa Core 5625U,63000,4.5
255,HP Pavilion Gaming Ryzen 7 Octa Core AMD R7,79999,4.4
256,ASUS Vivobook Pro 15 OLED Core i5 12th Gen,84990,4.4
257,ASUS Zenbook Flip 13 OLED Touch Panel Intel EVO Core i5 11th Gen,84990,4.3
258,HP Victus Ryzen 7 Octa Core 5800H,72990,4.7
259,HP Victus Intel Core i7 12th Gen,82990,4.5
260,Lenovo IdeaPad 3 Intel Core i3 10th Gen,31990,3.9
261,Lenovo Ideapad 5 Ryzen 7 Octa Core 5700U,66998,3.8
262,HP Pavilion Aero (2023) Ryzen 7 Octa Core 7735U,78990,0
263,HP OMEN Ryzen 7 Octa Core AMD R7,110380,4.3
264,APPLE 2023 MacBook Pro M2 Max,349900,0
265,HP Victus Intel Core i5 12th Gen,64990,4.3
266,Nokia PureBook X14 Core i5 10th Gen,43990,4.4
267,HP Victus Intel Core i5 11th Gen,58990,4.1
268,MSI Core i7 13th Gen,94990,0
269,ASUS ROG Zephyrus Duo 16 Ryzen 9 16 Core 7945HX,379990,0
270,ASUS VivoBook Flip 14 Core i5 11th Gen,63990,4.5
271,MSI Bravo 15 Ryzen 7 Octa Core 5800H,62990,0
272,MSI Sword 15 Core i5 12th Gen,85990,4.7
273,HP Omen Intel Core i9 12th Gen,296000,0
274,MSI CreatorPro M16 Core i7 12th Gen,109990,0
275,HP Victus Ryzen 7 Octa Core 5800H,81990,4
276,DELL Core i5 12th Gen,57990,4.1
277,Lenovo IdeaPad Flex 5 Ryzen 5 Hexa Core 5500U,92290,0
278,ASUS ROG Strix SCAR 18 (2023) Core i9 13th Gen,279990,0
279,HP Pavilion Gaming Ryzen 7 Octa Core AMD R7,79999,4.4
280,ASUS ROG Zephyrus M16 (2022) with 90Whr Battery Core i7 12th Gen,179990,5
281,Infinix INBook X2 Plus Core i3 11th Gen,31990,4.2
282,DELL Inspiron Core i5 11th Gen,55890,4.1
283,HP Victus Intel Core i7 12th Gen,82990,4.5
284,Lenovo Yoga 6 Ryzen 7 Octa Core 5700U,86990,0
285,ASUS VivoBook K15 OLED (2022) Core i5 11th Gen,62990,4.3
286,APPLE 2023 MacBook Pro M2 Pro,239990,0
287,HP OMEN Ryzen 7 Octa Core AMD R7,110380,4.3
288,MSI Ryzen 5 Hexa Core 7530U,45990,0
289,ASUS Vivobook Flip 14 (2023) Touch Screen Ryzen 5 Hexa Core 7530U,75476,0
290,ASUS Vivobook Go 15 OLED (2023) Ryzen 3 Quad Core 7320U,47990,4.9
291,HP Victus Intel Core i5 11th Gen,58990,4.1
292,ASUS Zenbook 14 OLED (2023) Ryzen 5 Hexa Core 7530U,89990,0
293,Lenovo Yoga 9i Intel Core i7 12th Gen,180798,0
294,ASUS Vivobook S 14 Flip Ryzen 5 Hexa Core R5,62391,0
295,HP Victus Intel Core i5 12th Gen,64990,4.3
296,HP Ryzen 5 Hexa Core 5500U,45490,0
297,ASUS ROG Strix G15 Ryzen 9 Octa Core AMD R9,104990,4.4
298,DELL Alienware Core i9 11th Gen,323990,0
299,HP Victus Ryzen 7 Octa Core 5800H,81990,4
300,Lenovo IdeaPad 3 Intel Celeron Dual Core 4th Gen,25940,4
301,Lenovo IdeaPad 3 Intel Core i5 12th Gen,56990,4.2
302,acer Aspire 3 Core i5 12th Gen,56990,0
303,MSI Bravo 15 Ryzen 7 Octa Core 5800H,62990,0
304,ASUS Vivobook 15 Ryzen 3 Dual Core AMD R3,34990,4.3
305,DELL Alienware Core i9 12th Gen,334990,0
306,ASUS TUF Gaming A15 with 90Whr Battery Ryzen 7 Octa Core 6800HS,112990,0
307,HP Pavilion Gaming Ryzen 7 Octa Core AMD R7,79999,4.4
308,MSI Raider GE66 Core i7 12th Gen,244990,0
309,DELL Inspiron Core i3 12th Gen,44490,0
310,DELL Ryzen 5 Hexa Core 5600H,66990,4.7
311,HP Victus Intel Core i7 12th Gen,82990,4.5
312,Lenovo IdeaPad Slim 3 Intel Core i5 11th Gen,57490,4.1
313,HP Athlon Dual Core 3050U,25490,3.8
314,HP intel Celeron Dual Core,20990,3.9
315,HP Victus Intel Core i5 11th Gen,58990,4.1
316,MSI Core i5 12th Gen,57990,0
317,DELL Core i7 12th Gen,157375,0
318,Lenovo IdeaPad 3 Intel Core i5 12th Gen,60990,4.1
319,HP Victus Intel Core i5 12th Gen,64990,4.3
320,HP 15s Core i3 11th Gen,37290,4.5
321,ASUS ROG Zephyrus Duo 16 (2022) Dual Screen Laptop with 90Whr Battery Ryzen 9 Octa Core 6900HX,361990,0
322,ASUS Zenbook 14X (2022) Space Edition Core i9 12th Gen,154990,4.5
323,MSI Bravo 15 Ryzen 7 Octa Core 5800H,62990,0
324,MSI Alpha 15 Ryzen 7 Octa Core 5800H,98990,4.5
325,HP Envy x360 Creator OLED Eyesafe Intel Evo Core i7 12th Gen,104990,4.3
326,ASUS Vivobook Pro 15 Ryzen 5 Hexa Core 5600H,67461,0
327,HP Victus Ryzen 7 Octa Core 5800H,81990,4
328,APPLE 2022 MacBook AIR M2,129990,0
329,Lenovo Legion 5 Pro Ryzen 7 Octa Core 6800H,179990,0
330,HP Ryzen 9 Octa Core 6900HX,154490,0
331,HP Pavilion Gaming Ryzen 7 Octa Core AMD R7,79999,4.4
332,Lenovo IdeaPad Ryzen 5 Hexa Core 5500U,86290,0
333,ASUS ROG Strix G17 with 90Whr Battery Ryzen 9 Octa Core 6900HX,210990,0
334,ASUS Ryzen 7 Octa Core,99996,5
335,HP Victus Intel Core i7 12th Gen,82990,4.5
336,HP Envy x360 Creator OLED Eyesafe Intel Evo Core i7 12th Gen,104990,4.3
337,ASUS Zenbook 17 Fold OLED Intel EVO Core i7 12th Gen,299990,0
338,HP Ryzen 9 Octa Core 6900HX,154490,0
339,HP Victus Intel Core i5 11th Gen,58990,4.1
340,ASUS Zenbook S 13 OLED Ryzen 5 Hexa Core 6600U,92990,4.9
341,Lenovo IdeaPad Ryzen 5 Hexa Core 5500U,50990,4.1
342,HP intel Celeron Dual Core,20990,3.9
343,HP Victus Intel Core i5 12th Gen,64990,4.3
344,ASUS ROG Strix G15 Ryzen 7 Octa Core 4800H,82990,4.8
345,acer Swift 3 Ryzen 5 Hexa Core 5500U,55990,4.5
346,MSI Core i5 12th Gen,54990,0
347,HP Victus Ryzen 7 Octa Core 5800H,81990,4
348,ASUS Vivobook S 14 Intel EVO H,62990,0
349,ASUS ROG Flow Z13 (2022) Core i7 12th Gen,148490,0
350,DELL Inspiron Ryzen 7 Octa Core 5700U,84990,4.2
351,HP Pavilion Gaming Ryzen 7 Octa Core AMD R7,79900,4.4
352,ASUS Vivobook S 14 Intel EVO H,66990,0
353,acer Extensa Core i3,38990,0
354,HP Pavilion x360 Core i7 12th Gen,92890,0
355,HP Victus Intel Core i7 12th Gen,82990,4.5
356,ASUS ROG Zephyrus M16 (2022) with 90Whr Battery Core i9 12th Gen,304990,0
357,HP Pavilion Core i5 12th Gen,69390,0
358,ASUS ROG Zephyrus G15 (2022) Ryzen 7 Octa Core 6800HS,157990,0
359,HP OMEN Ryzen 7 Octa Core AMD R7,110380,4.3
360,APPLE 2020 Macbook Air M1,84490,4.7
361,acer Predator Triton 500 SE Core i7 12th Gen,224990,0
362,APPLE 2022 MacBook AIR M2,139000,0
363,HP Victus Intel Core i5 11th Gen,58990,4.1
364,APPLE 2021 Macbook Pro M1 Pro,219894,4.8
365,DELL Vostro Core i3 11th Gen,42907,4.1
366,ASUS ROG Strix G15 (2022) with 90Whr Battery Ryzen 7 Octa Core 6800H,129990,0
367,HP Victus Intel Core i5 12th Gen,64990,4.3
368,DELL Vostro Core i5 12th Gen,69490,4.8
369,Lenovo IdeaPad Gaming 3 Intel Core i7 12th Gen,117990,4
370,Lenovo Legion 5 Pro Ryzen 7 Octa Core 5800H,142990,4.7
371,HP Victus Ryzen 7 Octa Core 5800H,81990,4
372,ASUS Vivobook Go 15 OLED (2023) Ryzen 3 Quad Core 7320U,47990,0
373,DELL Ryzen 7 Octa Core AMD R7,99990,5
374,DELL Inspiron Ryzen 5 Hexa Core 5625U,78061,0
375,MSI Bravo 15 Ryzen 7 Octa Core 5800H,62990,0
376,ASUS Vivobook 16 (2023) Ryzen 7 Octa Core 7730U,68990,0
377,HP Pavilion Core i5 12th Gen,70990,0
378,DELL G15 Core i5 12th Gen,79990,3.9
379,HP Pavilion Gaming Ryzen 7 Octa Core AMD R7,79999,4.4
380,HP OMEN Core i7 12th Gen,137799,0
381,ASUS VivoBook 14 Core i3 12th Gen,42990,4.1
382,APPLE 2021 Macbook Pro M1 Pro,259900,4.8
383,HP Victus Intel Core i7 12th Gen,82990,4.5
384,ASUS ROG Flow Z13 (2022) Core i7 12th Gen,148490,0
385,ASUS Vivobook 15 Core i3 11th Gen,37699,4.3
386,HP OMEN Ryzen 5 Hexa Core AMD R5,74490,4.8
387,HP Victus Intel Core i5 11th Gen,58990,4.1
388,Lenovo Yoga Slim 7 Pro Intel Core i5 11th Gen,69990,4.1
389,GIGABYTE AERO 5 KE4 Core i7 12th Gen,149990,0
390,ASUS Zenbook 13 Intel EVO Core i5 11th Gen,64990,4.4
391,HP Victus Intel Core i5 12th Gen,64990,4.3
392,ASUS Vivobook S14 OLED (2022) Intel EVO Core i7 12th Gen,82990,4.1
393,APPLE MacBook Air M1,132900,4.7
394,DELL Vostro Core i3 11th Gen,42690,4.3
395,MSI Bravo 15 Ryzen 7 Octa Core 5800H,62990,0
396,DELL Inspiron Core i5 12th Gen,83192,4.2
397,ASUS Vivobook 15 Core i3 11th Gen,37990,4
398,ASUS ROG Flow X16 (2022) with 90Whr Battery Ryzen 7 Octa Core AMD R7,171990,0
399,HP Victus Ryzen 7 Octa Core 5800H,81990,4
400,ASUS ROG Strix G15 (2022) with 90Whr Battery Ryzen 9 Octa Core 6900HX,177990,0
401,MSI Core i7 13th Gen,129990,0
402,ASUS ROG Zephyrus G15 (2022) Ryzen 9 Octa Core 6900HS,211990,0
403,HP Pavilion Gaming Ryzen 7 Octa Core AMD R7,79999,4.4
404,DELL Inspiron Core i3 11th Gen,50990,4.3
405,GIGABYTE G5 MD Core i5 11th Gen,76990,0
406,ASUS VivoBook K15 OLED Ryzen 7 Octa Core AMD R7,63990,4.6
407,HP Victus Intel Core i7 12th Gen,82990,4.5
408,DELL Inspiron Ryzen 7 Octa Core 5825U,88990,5
409,HP Core i7 12th Gen,199999,0
410,DELL Ryzen 3 Quad Core 5425U,43490,4.4
411,HP Victus Intel Core i5 11th Gen,58990,4.1
412,APPLE 2022 MacBook AIR M2,139000,0
413,DELL Ryzen 5 Hexa Core AMD R5,76890,4.5
414,ASUS ROG Strix G15 (2022) with 90Whr Battery Ryzen 7 Octa Core AMD R7,129990,4.9
415,HP Victus Intel Core i5 12th Gen,64990,4.3
416,ASUS Zenbook 14 OLED Touch Core i7 12th Gen,109990,0
417,Lenovo IdeaPad Ryzen 5 Hexa Core 5500U,50990,4.1
418,ASUS TUF Dash F15 Core i7 12th Gen,97990,0
419,MSI Bravo 15 Ryzen 7 Octa Core 5800H,62990,0
420,ASUS TUF Gaming A15 with 90Whr Battery Ryzen 9 Octa Core AMD R9,115999,4.5
421,HP 14s Intel Core i5 12th Gen,62990,4.2
422,ASUS ROG Zephyrus G15 with 90Whr Battery Ryzen 7 Octa Core 6800HS,157990,0
423,HP Victus Ryzen 7 Octa Core 5800H,81990,4
424,APPLE MacBook Pro Core i5 8th Gen,162490,4.2
425,Lenovo IdeaPad Slim 3 Intel Core i3 11th Gen,40016,4
426,ASUS Ryzen 5 Hexa Core 10th Gen,73463,0
427,HP Pavilion Gaming Ryzen 7 Octa Core AMD R7,79999,4.4
428,SAMSUNG Core i7 12th Gen,72990,4.4
429,HP OMEN Core i7 11th Gen,166499,0
430,ASUS Ryzen 9 Octa Core 10th Gen,102219,4.6
431,HP Victus Intel Core i7 12th Gen,82990,4.5
432,ASUS Ryzen 7 Quad Core 10th Gen,114999,0
433,ASUS Vivobook Flip 14 (2023) Touch Screen Ryzen 5 Hexa Core 7530U,74990,0
434,APPLE MacBook Pro Core i5 8th Gen,162490,4.2
435,HP Victus Intel Core i5 11th Gen,58990,4.1
436,ASUS TUF Gaming F15 (2022) Core i7 12th Gen,94990,4.2
437,APPLE 2021 Macbook Pro M1 Pro,239900,4.8
438,ASUS Ryzen 7 Quad Core 10th Gen,157990,0
439,HP Victus Intel Core i5 12th Gen,64990,4.3
440,SAMSUNG Core i7 12th Gen,72990,4.4
441,HP OMEN Core i7 11th Gen,166499,0
442,DELL Ryzen 5 Hexa Core 5625U,55990,3.5
443,HP Victus Ryzen 7 Octa Core 5800H,81990,4
444,ASUS ROG Flow X13 (2022) Ryzen 9 Octa Core 6900HS,171990,0
445,DELL Inspiron 7000 Core i5 10th Gen,62990,3.8
446,DELL Core i3 12th Gen,44990,3.8
447,HP Pavilion Gaming Ryzen 7 Octa Core AMD R7,79900,4.4
448,DELL Core i3 11th Gen,45990,0
449,ASUS ProArt Studiobook 16 OLED (2022) with ASUS Dial Core i9 12th Gen,249990,0
450,acer Nitro 5 Ryzen 7 Hexa Core 7735HS,89990,0
451,HP Victus Intel Core i7 12th Gen,82990,4.5
452,DELL Inspiron Ryzen 5 Hexa Core 5625U,78061,0
453,DELL Core i7 12th Gen,89490,0
454,ASUS TUF Gaming F15 Core i5 10th Gen,59990,4.5
455,HP OMEN Ryzen 7 Octa Core AMD R7,110380,4.3
456,APPLE 2022 MacBook AIR M2,139000,0
457,MSI Core i7 13th Gen,144990,0
458,ASUS Zenbook 14X (2022) Space Edition Core i5 12th Gen,101990,3.7
459,HP Victus Intel Core i5 11th Gen,58990,4.1
460,DELL G15 Core i7 11th Gen,99000,4.5
461,Lenovo Legion 5 Pro Ryzen 7 Octa Core 5800H,177990,0
462,DELL Inspiron Ryzen 7 Octa Core 5825U,73890,5
463,HP Victus Intel Core i5 12th Gen,64990,4.3
464,ASUS TUF Gaming F15 Core i5 10th Gen,65990,4.4
465,Lenovo IdeaPad 3 Intel Core i3 11th Gen,40200,4.3
466,HP Pavilion Intel Core i3 11th Gen,53469,4.1
467,HP Victus Ryzen 7 Octa Core 5800H,81990,4
468,HP Pavilion Plus Creator OLED Eyesafe (2023) Intel H,82990,4.2
469,Lenovo IdeaPad Gaming Ryzen 5 Hexa Core 4600H,58990,4.5
470,APPLE 2022 MacBook AIR M2,139000,0
471,HP Pavilion Gaming Ryzen 7 Octa Core AMD R7,79900,4.4
472,ASUS ROG Strix G15 (2022) with 90Whr Battery Ryzen 9 Octa Core 6900HX,187990,3.7
473,APPLE 2023 MacBook Pro M2 Pro,249900,0
474,ASUS Vivobook Go 15 (2023) Ryzen 5 Quad Core 7520U,49990,0
475,HP Victus Intel Core i7 12th Gen,82990,4.5
476,Lenovo Intel Core i7 12th Gen,119990,0
477,MSI Core i5 13th Gen,62990,0
478,DELL Core i5 12th Gen,110490,5
479,HP OMEN Ryzen 7 Octa Core AMD R7,110380,4.3
480,ASUS Chromebook Celeron Dual Core,25990,4.1
481,DELL Inspiron Core i5 12th Gen,88490,0
482,acer Aspire 5 Core i3 12th Gen,45990,0
483,HP Victus Intel Core i5 11th Gen,58990,4.1
484,HP Pavilion Ryzen 5 Hexa Core 5500U,64700,4.2
485,DELL Inspiron Core i3 11th Gen,44490,2.8
486,HP Omen Ryzen 7 Octa Core 6800H,122560,0
487,HP Victus Intel Core i5 12th Gen,64990,4.3
488,ASUS ProArt Studiobook 16 OLED (2022) with ASUS Dial Core i9 12th Gen,219990,0
489,HP OMEN Ryzen 9 Octa Core 5900H,124990,3.7
490,DELL Inspiron Core i3 12th Gen,61390,3.9
491,MSI Bravo 15 Ryzen 7 Octa Core 5800H,62990,0
492,DELL Inspiron Ryzen 5 Hexa Core 5625U,54490,4.1
493,ASUS ROG Strix G15 Ryzen 9 Octa Core AMD R9,117990,4.5
494,ASUS Zenbook Pro 14 Duo OLED (2022) with Dual Screen Touch Panel Core i9 12th Gen,184004,0
495,HP Victus Ryzen 7 Octa Core 5800H,81990,4
496,Lenovo IdeaPad 5 Intel Core i5 11th Gen,61290,0
497,DELL Ryzen 7 Octa Core AMD R7,104990,3.6
498,ASUS ROG Zephyrus M16 (2023) Core i9 13th Gen,364990,0
499,HP Pavilion Gaming Ryzen 7 Octa Core AMD R7,79999,4.4
500,Lenovo Athlon Dual Core,18990,3.6
501,MSI Core i7 13th Gen,77990,0
502,ASUS ROG Flow X13 (2022) Ryzen 9 Octa Core 6900HS,151990,0
503,HP Victus Intel Core i7 12th Gen,82990,4.5
504,DELL Inspiron Core i5 11th Gen,69990,4.2
505,ASUS Ryzen 5 Hexa Core,75100,0
506,ASUS ProArt Studiobook 16 OLED (2022) with ASUS Dial Core i9 12th Gen,219990,0
507,HP Victus Intel Core i5 11th Gen,58990,4.1
508,ASUS Vivobook 16 (2023) Ryzen 5 Hexa Core 7530U,66990,0
509,APPLE 2021 Macbook Pro M1 Max,319990,4.3
510,DELL Ryzen 7 Octa Core AMD R7,105990,0
511,HP Victus Intel Core i5 12th Gen,64990,4.3
512,APPLE 2022 MacBook AIR M2,137900,0
513,Lenovo IdeaPad Gaming 3 Intel Core i5 11th Gen,56990,4.1
514,Lenovo IdeaPad 3 Intel Core i3 10th Gen,38990,4.3
515,HP Victus Ryzen 7 Octa Core 5800H,81990,4
516,ASUS Vivobook 16 (2023) Ryzen 5 Hexa Core 7530U,59990,0
517,ASUS ROG Flow Z13 (2022) Core i5 12th Gen,113990,0
518,DELL Ryzen 7 Octa Core AMD R7,104990,3.6
519,HP Pavilion Gaming Ryzen 7 Octa Core AMD R7,79900,4.4
520,DELL G15 Ryzen 7 Octa Core 5800H,89890,4.4
521,ASUS Core i9 10th Gen,269990,4.8
522,DELL Vostro Core i3 11th Gen,42907,4.1
523,HP Victus Intel Core i7 12th Gen,82990,4.5
524,MSI Core i7 13th Gen,77990,0
525,ASUS ROG Strix G15 Ryzen 9 Octa Core AMD R9,117990,4.5
526,ALIENWARE Core i7 10th Gen,250000,4
527,HP OMEN Ryzen 7 Octa Core AMD R7,110380,4.3
528,ASUS VivoBook 14 (2022) Ryzen 3 Dual Core AMD R3,27990,4.3
529,ASUS Core i5 12th Gen,54931,0
530,ASUS Chromebook Flip Touch Celeron Dual Core,20990,4
531,HP OMEN Ryzen 7 Octa Core AMD R7,110380,4.3
532,DELL Ryzen 7 Octa Core AMD R7,105990,0
533,ASUS Vivobook Go 15 OLED (2023) Ryzen 5 Quad Core 7520U,56990,0
534,DELL Alienware Core i7 12th Gen,280490,0
535,Lenovo IdeaPad Gaming 3 Intel Core i5 11th Gen,51990,4.3
536,DELL Core i7 12th Gen,102490,4.5
537,ASUS Vivobook 15 OLED (2022) Core i3 12th Gen,57999,4.5
538,DELL G15 Core i5 10th Gen,75990,4.4
539,HP Victus Intel Core i5 11th Gen,58990,4.1
540,Lenovo IdeaPad 3 Intel Core i3 11th Gen,40200,4.3
541,ASUS ROG Flow X13 Ryzen 7 Octa Core AMD R7,147990,0
542,ASUS TUF GAMING A15 Ryzen 7 Octa Core 4800H,74990,0
543,Lenovo Ideapad Gaming 3 Ryzen 5 Hexa Core AMD R5,53990,4.4
544,GIGABYTE G5 ME,85990,0
545,Lenovo IdeaPad Gaming 3 Intel Core i5 12th Gen,74990,5
546,Lenovo Thinkbook Core i7 11th Gen,140131,4.2
547,HP Pavilion Gaming Ryzen 7 Octa Core AMD R7,79999,4.4
548,HP Envy x360 Creator Intel Evo Core i5 12th Gen,82990,4.1
549,HP Victus Ryzen 7 Octa Core 5800H,80599,0
550,ASUS Vivobook 15 Core i5 12th Gen,56990,4
551,HP Victus Intel Core i5 12th Gen,64990,4.3
552,ASUS ROG Zephyrus G15 (2022) with 90Whr Battery Ryzen 7 Octa Core 6800HS,162990,0
553,ASUS Ryzen 5 Hexa Core,75100,0
554,ASUS ROG Zephyrus G15 (2022) with 90Whr Battery Ryzen 9 Octa Core 6900HS,161990,3.8
555,HP Victus Intel Core i5 11th Gen,58990,4.1
556,ASUS TUF GAMING A15 Ryzen 5 Hexa Core 4600H,65990,0
557,DELL Alienware Core i7 12th Gen,246490,0
558,Lenovo Ryzen 3 Dual Core 3250U,31490,3.6
559,HP Victus Intel Core i5 12th Gen,64990,4.3
560,MSI Core i7 12th Gen,67990,4.2
561,ASUS ROG Zephyrus G14 (2022) Ryzen 9 Octa Core AMD R9,191990,4
562,HP Pavilion Gaming Core i5 11th Gen,69057,4.1
563,MSI Bravo 15 Ryzen 7 Octa Core 5800H,62990,0
564,acer Swift 3 OLED Core i7 12th Gen,115999,0
565,acer Extensa Core i5 11th Gen,42990,4
566,ASUS Vivobook 16 (2023) Ryzen 5 Hexa Core 7530U,59990,0
567,HP Victus Ryzen 7 Octa Core 5800H,81990,4
568,MSI GF63 Thin Hexa Core i5 10th Gen,53990,4.4
569,Lenovo IdeaPad Gaming 3 Intel Core i5 11th Gen,71990,4.4
570,ASUS Vivobook Go 15 (2023) Ryzen 5 Quad Core 7520U,49990,0
571,HP Pavilion Gaming Ryzen 7 Octa Core AMD R7,79999,4.4
572,Lenovo IdeaPad Gaming Ryzen 5 Hexa Core 4600H,58990,4.5
573,MSI Pulse GL66 Core i7 11th Gen,113990,4.5
574,ASUS TUF Gaming F15 Core i5 10th Gen,65990,4.5
575,HP Victus Intel Core i7 12th Gen,82990,4.5
576,ASUS Zenbook 14 OLED (2023) Ryzen 5 Hexa Core 7530U,94990,0
577,DELL Inspiron 3501 Core i3 10th Gen,39490,4.3
578,ASUS Vivobook 15 Core i5 12th Gen,56990,4
579,HP Victus Intel Core i5 11th Gen,58990,4.1
580,HP Pavilion Gaming Core i5 11th Gen,69057,4.1
581,DELL Ryzen 3 Dual Core 3rd Gen,43490,0
582,acer Extensa Core i5 11th Gen,42990,4
583,HP Victus Intel Core i5 12th Gen,64990,4.3
584,Lenovo IdeaPad Gaming 3 Intel Core i5 11th Gen,71990,4.4
585,ASUS Vivobook Go 15 (2023) Ryzen 5 Quad Core 7520U,49990,0
586,MSI Pulse GL66 Core i7 11th Gen,113990,4.5
587,HP Victus Ryzen 7 Octa Core 5800H,81990,4
588,SAMSUNG Galaxy Book3 Core i5 Core i5 13th Gen,79990,4.6
589,HP Omen Core i5 7th Gen,87490,0
590,DELL Alienware Core i7 12th Gen,246490,0
591,HP Pavilion Gaming Ryzen 7 Octa Core AMD R7,79900,4.4
592,DELL Ryzen 3 Quad Core 5425U,40990,4.5
593,HP Envy x360 Creator Intel Evo Core i5 12th Gen,80990,4.9
594,ASUS Core i3 12th Gen,38099,4
595,HP Victus Intel Core i7 12th Gen,82990,4.5
596,MSI GP76 Core i7 11th Gen,180990,4.4
597,HP Pavilion Ryzen 5 Hexa Core AMD R5,59990,4.5
598,HP 15s Intel Core i5 11th Gen,54990,4
599,HP OMEN Ryzen 7 Octa Core AMD R7,110380,4.3
600,APPLE 2022 MacBook AIR M2,135990,4.5
601,DELL Vostro Core i3 10th Gen,42990,4.1
602,Lenovo IdeaPad 3 Intel Core i5 11th Gen,53490,4.3
603,HP Victus Intel Core i5 11th Gen,58990,4.1
604,DELL Core i5 12th Gen,64990,4.3
605,DELL Inspiron Core i5 11th Gen,78190,4.5
606,ASUS TUF Gaming F15 Core i5 10th Gen,62990,4.4
607,HP Victus Intel Core i5 12th Gen,64990,4.3
608,Lenovo Ryzen 7 Octa Core 5800H,131990,0
609,DELL Core i5 12th Gen,89490,0
610,DELL Inspiron Core i3 10th Gen,44490,4.3
611,MSI Bravo 15 Ryzen 7 Octa Core 5800H,62990,0
612,DELL Inspiron Core i5 11th Gen,69990,4.2
613,ASUS ROG Zephyrus G15 (2022) with 90Whr Battery Ryzen 7 Octa Core 6800HS,157990,4
614,Lenovo IdeaPad 3 Intel Core i3 10th Gen,35890,5
615,HP Victus Ryzen 7 Octa Core 5800H,81990,4
616,ASUS VivoBook 15 (2022) Core i3 11th Gen,37990,4.3
617,ASUS Core i5 11th Gen,84990,4.8
618,ASUS Ryzen 7 Dual Core 10th Gen,96085,0
619,HP Pavilion Gaming Ryzen 7 Octa Core AMD R7,79999,4.4
620,DELL Core i5 11th Gen,70430,0
621,Lenovo IdeaPad Gaming 3 Intel Core i5 11th Gen,56990,4.1
622,HP Victus Ryzen 7 Octa Core 5800H,121677,0
623,HP Victus Intel Core i7 12th Gen,82990,4.5
624,DELL Ryzen 7 Octa Core 5700U,89976,0
625,MSI Core i5 13th Gen,65990,0
626,ASUS (2022) Celeron Dual Core,22490,4.1
627,HP Victus Intel Core i5 11th Gen,58990,4.1
628,ASUS Chromebook Celeron Dual Core,18990,3.6
629,Lenovo Legion 5 Pro Intel Core i7 11th Gen,184990,0
630,Lenovo IdeaPad 3 Intel Core i5 11th Gen,53490,4.3
631,HP Victus Intel Core i5 12th Gen,64990,4.3
632,HP Victus Ryzen 5 Hexa Core 6600H,78680,0
633,HP Chromebook Intel Core i3 11th Gen,34990,3.9
634,Lenovo IdeaPad 3 Intel Core i3 10th Gen,35890,5
635,HP Victus Ryzen 7 Octa Core 5800H,81990,4
636,DELL Inspiron Core i5 11th Gen,71857,0
637,DELL Inspiron 5518 Core i5 11th Gen,78290,4.5
638,HP G Series Core i3 10th Gen,39990,4.3
639,HP Pavilion Gaming Ryzen 7 Octa Core AMD R7,79900,4.4
640,ASUS ROG Flow X13 (2022) with Radeon RX 6850M XT eGPU Ryzen 7 Octa Core 6800HS,247990,0
641,Infinix INBook X2 Plus Core i3 11th Gen,33990,4.2
642,Lenovo IdeaPad 3 Intel Core i3 10th Gen,35990,4.2
643,HP Victus Intel Core i7 12th Gen,82990,4.5
644,MSI Core i7 12th Gen,129490,3.7
645,ASUS TUF GAMING A15 Ryzen 7 Octa Core 4800H,74990,4.7
646,DELL Core i9 12th Gen,177990,0
647,HP OMEN Ryzen 7 Octa Core AMD R7,110380,4.3
648,acer Ryzen 5 Quad Core 7520U,44990,0
649,DELL Core i3 11th Gen,45390,0
650,DELL Vostro Core i3 11th Gen,43090,4.3
651,HP Victus Intel Core i5 11th Gen,58990,4.1
652,MSI Prestige 14 Intel EVO Core i5 11th Gen,69990,4.6
653,ASUS ROG Zephyrus M16 (2022) with 90Whr Battery Core i7 12th Gen,174990,0
654,DELL Core i5 12th Gen,67990,2.3
655,HP Victus Intel Core i5 12th Gen,64990,4.3
656,DELL G15 Core i7 11th Gen,96999,4.3
657,acer Intel EVO Swift 5 Core i5 11th Gen,79990,4.8
658,MSI Creator Z16 Core i9 11th Gen,179990,4.7
659,HP Victus Ryzen 7 Octa Core 5800H,81990,4
660,Lenovo Ryzen 5 Hexa Core 5500U,45990,0
661,DELL Core i5 11th Gen,70430,0
662,ASUS VivoBook 15 (2022) Core i3 10th Gen,35990,4.3
663,HP Pavilion Gaming Ryzen 7 Octa Core AMD R7,79900,4.4
664,Lenovo Ideapad Gaming 3 Ryzen 5 Hexa Core 4600H,56990,4.5
665,APPLE MacBook Air M1,109990,4.7
666,acer Swift X Core i7 11th Gen,114990,0
667,HP Victus Intel Core i7 12th Gen,82990,4.5
668,HP Pavilion Intel Core i5 12th Gen,77070,4.4
669,HP Spectre x360 (2023) OLED Eyesafe Intel Evo Core i7 13th Gen,213582,0
670,ASUS ROG Zephyrus G15 (2022) with 90Whr Battery Ryzen 7 Octa Core 6800HS,157990,0
671,HP OMEN Ryzen 7 Octa Core AMD R7,110380,4.3
672,HP OMEN Core i7 12th Gen,171399,0
673,DELL G15 Core i7 11th Gen,96999,4.3
674,acer Swift Go 14 Ryzen 5 Hexa Core 7530U,62990,0
675,HP Victus Intel Core i5 11th Gen,58990,4.1
676,SAMSUNG Galaxy Book3 Core i5 Core i5 13th Gen,79990,0
677,ASUS ZenBook 13 Core i5 8th Gen,72150,4.1
678,Lenovo IdeaPad 3 Intel Core i3 10th Gen,35990,4.2
679,HP Victus Intel Core i5 12th Gen,64990,4.3
680,DELL Core i9 12th Gen,177990,0
681,APPLE MacBook Air M1,112900,4.7
682,HP G8 Ryzen 3 Dual Core AMD Ryzen 3 3250U,28990,4.2
683,MSI Bravo 15 Ryzen 7 Octa Core 5800H,62990,0
684,MSI Core i5 13th Gen,67990,0
685,acer Extensa Core i3 11th Gen,34990,0
686,ASUS Core i9 11th Gen,88000,0
687,HP Victus Ryzen 7 Octa Core 5800H,81990,4
688,DELL Ryzen 7 Octa Core 5700U,89976,0
689,DELL Core i5 10th Gen,68499,0
690,APPLE 2020 Macbook Air M1,112990,4.6
691,HP Pavilion Gaming Ryzen 7 Octa Core AMD R7,79999,4.4
692,DELL Vostro Ryzen 3 Dual Core R3,36400,3.8
693,MSI Core i3 12th Gen,48990,0
694,DELL Alienware Core i5 12th Gen,154990,0
695,HP Victus Intel Core i7 12th Gen,82990,4.5
696,DELL Core i5 11th Gen,56990,4
697,HP G Series Core i3 10th Gen,39990,4.3
698,DELL Athlon Dual Core 3050U,49852,0
699,HP Victus Intel Core i5 11th Gen,58990,4.1
700,ASUS VivoBook K15 OLED (2022) Core i3 11th Gen,59990,4.5
701,acer Nitro 5 Ryzen 5 Hexa Core 7535HS,79990,0
702,acer Extensa Core i3 11th Gen,34990,0
703,HP Victus Intel Core i5 12th Gen,64990,4.3
704,HP Ryzen 3 Quad Core R3 3250,31990,3.8
705,acer Aspire 7 Core i5 12th Gen,69990,4.3
706,DELL Inspiron 3000 Core i3 11th Gen,41590,0
707,MSI Bravo 15 Ryzen 7 Octa Core 5800H,62990,0
708,DELL Inspiron Core i3 11th Gen,35990,4.3
709,acer Swift X Core i5 11th Gen,94990,0
710,HP Spectre Eyesafe Intel Evo Core i7 12th Gen,130990,4
711,HP Victus Ryzen 7 Octa Core 5800H,81990,4
712,Lenovo IdeaPad Flex 5 Intel Core i3 12th Gen,86690,0
713,ASUS VivoBook 14 Core i3 12th Gen,42990,4.1
714,DELL Inspiron Core i5 11th Gen,71857,0
715,HP Pavilion Gaming Ryzen 7 Octa Core AMD R7,79999,4.4
716,SAMSUNG Galaxy Book2 Core i5 12th Gen,66990,4.5
717,Vaio E Series Ryzen 5 Quad Core 3500U,34990,3.9
718,Lenovo Ryzen 5 Hexa Core,63900,0
719,HP Victus Intel Core i7 12th Gen,82990,4.5
720,HP Core i3 11th Gen,43500,4
721,ASUS VivoBook Gaming (2020) Core i7 10th Gen,87390,4.3
722,Avita Liber Core i7 10th Gen,44990,3.8
723,HP Victus Intel Core i5 11th Gen,58990,4.1
724,DELL Inspiron Core i5 12th Gen,59769,3.8
725,acer Swift Edge OLED Ryzen 7 Octa Core 6800U,138999,0
726,ASUS ROG Strix G15 (2022) Ryzen 7 Octa Core AMD R7,97990,4.5
727,HP Victus Intel Core i5 12th Gen,64990,4.3
728,Lenovo IdeaPad 3 Intel Core i3 10th Gen,36990,5
729,HP Laptop Core i3 11th Gen,39990,4.4
730,DELL Inspiron Core i3 11th Gen,42990,4.2
731,HP Victus Ryzen 7 Octa Core 5800H,81990,4
732,ASUS Vivobook 14 Core i3 11th Gen,35990,4.4
733,DELL Vostro Core i5 11th Gen,63090,3.9
734,HP OMEN Ryzen 7 Octa Core AMD R7,110380,4.3
735,HP Pavilion Gaming Ryzen 7 Octa Core AMD R7,79900,4.4
736,ASUS Vivobook Go 15 OLED (2023) Ryzen 5 Quad Core 7520U,62990,0
737,Lenovo Core i3 11th Gen,32199,0
738,Lenovo IdeaPad 3 Ryzen 3 Dual Core 3250U,37990,4.4
739,HP Victus Intel Core i7 12th Gen,82990,4.5
740,ASUS ROG Flow X16 (2022) with 90Whr Battery Ryzen 7 Octa Core 6800HS,171990,0
741,acer Aspire 3 Pentium Silver,26490,4.2
742,DELL Core i5 12th Gen,60990,3.7
743,Lenovo Ryzen 5 Hexa Core,63900,0
744,Lenovo Ideapad 720S Core i5 8th Gen,74990,3.3
745,Avita Liber Core i7 10th Gen,44990,3.8
746,ASUS VivoBook 14 Ryzen 5 Quad Core AMD R5,39490,4.4
747,HP Victus Intel Core i5 11th Gen,58990,4.1
748,HP OMEN Ryzen 7 Octa Core AMD R7,110380,4.3
749,ASUS Vivobook Go 15 OLED (2023) Ryzen 5 Quad Core 7520U,62990,0
750,HP Intel Core i5 10th Gen,126000,5
751,HP Victus Intel Core i5 12th Gen,64990,4.3
752,Lenovo Core i3 11th Gen,32199,0
753,acer Aspire 3 Ryzen 3 Dual Core 3250U,26990,4.2
754,acer Spin 3 Core i5 12th Gen,84990,0
755,MSI Bravo 15 Ryzen 7 Octa Core 5800H,62990,0
756,acer Aspire Core i5 12th Gen,52990,0
757,ASUS Zenbook 14 Flip Ryzen 7 Octa Core 5800H,105299,0
758,DELL Core i3 11th Gen,56426,0
759,HP Victus Ryzen 7 Octa Core 5800H,81990,4
760,ASUS VivoBook Gaming (2020) Core i7 10th Gen,87390,4.3
761,Vaio E Series Ryzen 7 Quad Core 3700U,52990,3.7
762,acer Ryzen 5 Hexa Core 6600H,84990,0
763,HP Pavilion Gaming Ryzen 7 Octa Core AMD R7,79999,4.4
764,ASUS Ryzen 5 Dual Core 5th Gen,61990,4.5
765,acer Aspire 3 Pentium Silver,26490,4.2
766,HP Victus Ryzen 7 Octa Core 5800H,87830,4.4
767,HP Victus Intel Core i7 12th Gen,82990,4.5
768,Lenovo IdeaPad Gaming 3 Intel Core i5 12th Gen,85998,0
769,ASUS ROG Strix Scar 17 SE (2022) with 90Whr Battery Core i9 12th Gen,399990,0
770,acer Swift Edge OLED Ryzen 7 Octa Core 6800U,138999,0
771,HP Victus Intel Core i5 11th Gen,58990,4.1
772,ASUS ROG Flow X16 (2022) with 90Whr Battery Ryzen 7 Octa Core 6800HS,178990,5
773,acer Aspire 5 Core i5 11th Gen,60130,4.1
774,DELL Vostro Core i3 10th Gen,32490,4.3
775,HP Victus Intel Core i5 12th Gen,64990,4.3
776,DELL Inspiron Core i3 10th Gen,44190,4.3
777,realme Book (Slim) Core i3 11th Gen,46990,4.4
778,ASUS ROG Zephyrus M16 (2022) with 90Whr Battery Core i7 12th Gen,174990,0
779,MSI Bravo 15 Ryzen 7 Octa Core 5800H,62990,0
780,acer Aspire 7 Core i5 10th Gen,47990,4.4
781,acer Predator Helios 300 Core i7 11th Gen,104990,4.5
782,ASUS ROG Zephyrus G15 with 90Whr Battery Ryzen 7 Octa Core 6800HS,162990,0
783,HP Victus Ryzen 7 Octa Core 5800H,81990,4
784,ASUS EeeBook 12 Celeron Dual Core,18990,4.1
785,ASUS VivoBook 15 (2022) Core i7 10th Gen,59999,4.1
786,DELL Inspiron Core i3 11th Gen,45990,4.4
787,HP Pavilion Gaming Ryzen 7 Octa Core AMD R7,79999,4.4
788,ASUS Vivobook Pro 15 Core i9 11th Gen,85990,4
789,Lenovo IdeaPad 3 Chromebook Intel Celeron Dual Core,16100,3.5
790,DELL Vostro Core i3 11th Gen,44290,4
791,HP Victus Intel Core i7 12th Gen,82990,4.5
792,Lenovo Celeron Dual Core,19990,3.7
793,ASUS Ryzen 5 Octa Core,50905,0
794,HP Victus Core i5 12th Gen,77800,4
795,HP Victus Intel Core i5 11th Gen,58990,4.1
796,Lenovo IdeaPad Gaming 3 Ryzen 5 Hexa Core 5600H,66490,4
797,SAMSUNG Core i5 12th Gen,59990,4.6
798,ASUS Core i3 10th Gen,34100,4.5
799,HP Victus Intel Core i5 12th Gen,64990,4.3
800,DELL Inspiron Core i5 11th Gen,62500,4.1
801,DELL Core i3 12th Gen,64099,0
802,Lenovo IdeaPad 3 Core i3 11th Gen,60090,0
803,MSI Bravo 15 Ryzen 7 Octa Core 5800H,62990,0
804,HP OMEN Ryzen 7 Octa Core AMD R7,102490,4.7
805,HP Pavilion x360 Core i3 8th Gen,58990,4
806,Infinix INBook X1 Neo Series Celeron Quad Core,21990,4.1
807,HP Victus Ryzen 7 Octa Core 5800H,81990,4
808,HP Spectre x360 (2023) OLED Eyesafe Intel Evo Core i7 13th Gen,157376,0
809,ASUS TUF Gaming F15 Core i9 11th Gen,114990,4.4
810,Lenovo IdeaPad 3 Intel Core i3 11th Gen,37990,3.7
811,HP Pavilion Gaming Ryzen 7 Octa Core AMD R7,79999,4.4
812,Lenovo Ideapad Gaming 3 Ryzen 5 Hexa Core 4600H,58490,4.5
813,ASUS ROG Zephyrus G15 (2022) with 90Whr Battery Ryzen 9 Octa Core 6900HS,166990,0
814,DELL XPS Core i5 12th Gen,173636,0
815,HP Victus Intel Core i7 12th Gen,82990,4.5
816,ASUS Ryzen 7 Octa Core 10th Gen,97990,0
817,ASUS Ryzen 5 Hexa Core 5500U,47990,4.5
818,ASUS Core i3 10th Gen,35490,4.3
819,HP Victus Intel Core i5 11th Gen,58990,4.1
820,ASUS Ryzen 7 Octa Core 5800U,79990,3
821,HP Pavilion Intel Core i5 12th Gen,63000,0
822,DELL Inspiron Core i5 11th Gen,89290,3.9
823,HP Victus Intel Core i5 12th Gen,64990,4.3
824,ASUS Vivobook Flip 14 (2022) Touch Panel Core i5 12th Gen,74990,4.2
825,DELL G15 Core i7 12th Gen,99990,3.6
826,ASUS Vivobook 14 (2022) Core i5 12th Gen,63990,4.4
827,HP Victus Ryzen 7 Octa Core 5800H,81990,4
828,HP Pavilion x360 Core i5 12th Gen,75070,4.8
829,MSI Core i7 13th Gen,119990,0
830,HP Ryzen 5 Hexa Core 5600U,82500,0
831,HP Pavilion Gaming Ryzen 7 Octa Core AMD R7,79900,4.4
832,ASUS ROG Flow X13 Ryzen 7 Octa Core 6800HS,167990,0
833,DELL XPS Core i5 11th Gen,108990,0
834,MSI Stealth Core i7 8th Gen,174490,4.8
835,HP Victus Intel Core i7 12th Gen,82990,4.5
836,ASUS Core i7 7th Gen,70990,4.4
837,Avita PURA E 14 Ryzen 5 Quad Core 3rd Gen,26990,0
838,ASUS Vivobook 15 Core i3 10th Gen,35490,4.1
839,HP OMEN Ryzen 7 Octa Core AMD R7,110380,4.3
840,Vaio SE Series Core i5 8th Gen,58990,3.8
841,acer Aspire 3 Celeron Dual Core,41999,4.4
842,ASUS Core i3 10th Gen,35999,4.5
843,HP Victus Intel Core i5 11th Gen,58990,4.1
844,Lenovo Intel Celeron Dual Core,28490,3.8
845,APPLE 2020 Macbook Pro M1,128490,4.5
846,Infinix INBook X1 Neo Series Celeron Quad Core,21990,4.1
847,HP Victus Intel Core i5 12th Gen,64990,4.3
848,MSI GT77 Titan Core i9 12th Gen,499990,0
849,Lenovo IdeaPad Gaming 3 Intel Core i5 12th Gen,73990,0
850,HP Victus Intel Core i7 12th Gen,82990,4.5
851,HP Victus Ryzen 7 Octa Core 5800H,81990,4
852,ASUS Ryzen 7 Quad Core,88000,0
853,MSI Modern 14 Core i7 11th Gen,75990,4.6
854,ASUS ROG Zephyrus G15 (2022) with 90Whr Battery Ryzen 9 Octa Core 6900HS,161990,0
855,HP Pavilion Gaming Ryzen 7 Octa Core AMD R7,79900,4.4
856,ASUS ROG Flow X16 (2022) with 90Whr Battery Ryzen 9 Octa Core 6900HS,261990,0
857,DELL Inspiron Core i3 10th Gen,43590,3.8
858,ASUS VivoBook K15 OLED (2022) Core i5 11th Gen,61990,4.3
859,HP OMEN Ryzen 7 Octa Core AMD R7,110380,4.3
860,HP OMEN Core i7 12th Gen,135680,0
861,HP Envy Core i5 8th Gen,69990,4.5
862,MICROSOFT Surface Laptop 3 Core i5 10th Gen,94490,4.4
863,Lenovo Ryzen 5 Hexa Core,63900,0
864,ASUS VivoBook 15 Ryzen 3 Dual Core AMD R3,26990,4.3
865,ASUS Ryzen 7 Quad Core 11th Gen,152500,0
866,Lenovo Ideapad Gaming 3 Ryzen 5 Hexa Core 4600H,56990,4.3
867,HP Victus Intel Core i5 11th Gen,58990,4.1
868,DELL Vostro Ryzen 5 Quad Core 3500U,46490,4.4
869,Lenovo Legion 5 Pro Intel Core i7 12th Gen,156990,0
870,Avita PURA E 14 Ryzen 5 Quad Core 3rd Gen,26990,0
871,HP Victus Intel Core i5 12th Gen,64990,4.3
872,DELL Insprion 3511 Core i3 11th Gen,42890,3.6
873,ASUS Ryzen 9 Octa Core 10th Gen,191900,0
874,DELL Ryzen 5 Hexa Core,64490,0
875,HP Victus Ryzen 7 Octa Core 5800H,81990,4
876,HP Victus Ryzen 5 Hexa Core 5600H,73230,4.1
877,SAMSUNG Galaxy Book3 Core i5 Core i5 13th Gen,79990,0
878,DELL Inspiron Core i5 12th Gen,61690,3.8
879,HP Pavilion Gaming Ryzen 7 Octa Core AMD R7,79900,4.4
880,acer Swift 7 Core i5 7th Gen,80990,4.4
881,ASUS TUF GAMING A15 Ryzen 7 Octa Core 4800H,80990,4.8
882,DELL 7000 Series Core i7 12th Gen,103990,4.8
883,HP Victus Intel Core i7 12th Gen,82990,4.5
884,HP Pavilion Ryzen 5 Hexa Core 5500U,54160,4.1
885,ASUS TUF Gaming A17 (2022) with 90Whr Battery Ryzen 7 Octa Core 6800H,101197,4.1
886,Lenovo Athlon Dual Core,23900,3.6
887,HP OMEN Ryzen 7 Octa Core AMD R7,110380,4.3
888,ASUS Core i3 10th Gen,29990,4.3
889,Lenovo Ideapad Gaming 3 Ryzen 5 Hexa Core 4600H,56990,4.3
890,DELL Inspiron Core i5 12th Gen,61690,3.8
891,HP Victus Intel Core i5 11th Gen,58990,4.1
892,DELL Core i5 11th Gen,74990,4.2
893,Lenovo V15 G2 Core i5 11th Gen,49490,3.4
894,ASUS Core i7 7th Gen,70990,4.4
895,HP Victus Intel Core i5 12th Gen,64990,4.3
896,DELL Core i5 11th Gen,54749,4
897,DELL Ryzen 7 Octa Core AMD R7,126990,0
898,DELL Inspiron Core i3 10th Gen,43590,3.8
899,MSI Bravo 15 Ryzen 7 Octa Core 5800H,62990,0
900,DELL Ryzen 5 Hexa Core,64490,0
901,ASUS Ryzen 9 Octa Core,182000,0
902,SAMSUNG Galaxy Book2 Core i5 12th Gen,56990,4.5
903,HP Victus Ryzen 7 Octa Core 5800H,81990,4
904,HP Ryzen 3 Quad Core 7320U,39490,0
905,MSI Creator 15 Core i7 10th Gen,214990,0
906,ASUS Core i7 12th Gen,104000,0
907,HP Pavilion Gaming Ryzen 7 Octa Core AMD R7,79999,4.4
908,Lenovo Core i3 12th Gen,58187,0
909,ASUS ROG Zephyrus G15 (2022) with 90Whr Battery Ryzen 9 Octa Core 6900HS,161990,0
910,HP Ryzen 7 Octa Core 6800H,136000,0
911,HP Victus Intel Core i7 12th Gen,82990,4.5
912,DELL Inspiron Core i3 10th Gen,37490,4.4
913,SAMSUNG Galaxy Book3 Core i7 Core i7 13th Gen,89990,0
914,Lenovo IdeaPad 3 Intel Core i5 12th Gen,56499,4.2
915,HP Victus Intel Core i5 11th Gen,58990,4.1
916,ASUS Ryzen 5 Quad Core 10th Gen,60463,0
917,acer Aspire 7 Core i5 12th Gen,73990,4.3
918,acer Swift 5 Core i5 8th Gen,81998,4
919,HP Victus Intel Core i5 12th Gen,64990,4.3
920,Lenovo IdeaPad Gaming Ryzen 5 Hexa Core 5600H,59990,4.1
921,HP Core i5 12th Gen,62890,0
922,Lenovo Yoga Slim 7 Pro Intel Core i5 11th Gen,69990,4.7
923,MSI Bravo 15 Ryzen 7 Octa Core 5800H,62990,0
924,LG Gram Core i5 12th Gen,101299,0
925,ASUS Vivobook 15 Core i5 11th Gen,53900,4.3
926,DELL Vostro Core i5 12th Gen,73990,4.2
927,HP Victus Ryzen 7 Octa Core 5800H,81990,4
928,acer Swift 7 Core i5 7th Gen,80990,4.4
929,DELL XPS Core i5 11th Gen,108990,0
930,HP Pavilion Ryzen 5 Hexa Core 5500U,55000,4.4
931,HP Pavilion Gaming Ryzen 7 Octa Core AMD R7,79999,4.4
932,HP Core i3 11th Gen,41960,4
933,Lenovo Yoga Slim 7 Carbon Intel Core i7 12th Gen,179633,0
934,Lenovo Core i7 8th Gen,244801,0
935,HP Victus Intel Core i7 12th Gen,82990,4.5
936,ASUS Ryzen 7 Quad Core,88000,0
937,Lenovo Ideapad S340 Core i3 10th Gen,39990,4.2
938,Infinix INBook X1 Core i5 10th Gen,37490,4.1
939,HP Victus Intel Core i5 11th Gen,58990,4.1
940,Lenovo 310 Core i5 6th Gen,38490,4.2
941,acer Aspire 5 Core i5 8th Gen,59490,4
942,APPLE 2020 Macbook Pro M1,128490,4.5
943,HP Victus Intel Core i5 12th Gen,64990,4.3
944,Lenovo Core i3 11th Gen,35000,0
945,ASUS Celeron Dual Core 10th Gen,23990,0
946,HP Core i3 5th Gen,34857,4
947,MSI Bravo 15 Ryzen 7 Octa Core 5800H,62990,0
948,ASUS Ryzen 9 Octa Core 10th Gen,191900,0
949,ASUS Ryzen 7 Quad Core 10th Gen,83500,0
950,MSI GF63 Thin Core i5 10th Gen,53990,4.1
951,HP Victus Ryzen 7 Octa Core 5800H,81990,4
952,acer Aspire 3 Celeron Dual Core,41999,4.4
953,DELL Inspiron Core i5 11th Gen,79400,4.4
954,Infinix ZERO BOOK Series Laptop Intel Core i5 12th Gen,56990,4.2
955,HP Pavilion Gaming Ryzen 7 Octa Core AMD R7,79999,4.4
956,MSI GS Core i7 8th Gen,149990,4.1
957,HP victus Ryzen 5 Hexa Core AMD R5,66000,4.8
958,DELL Vostro Ryzen 5 Quad Core 3500U,46490,4.4
959,HP Victus Intel Core i7 12th Gen,82990,4.5
960,Lenovo IdeaPad 5 Ryzen 5 Hexa Core 5625U,62599,0
961,Lenovo ThinkPad Core i5 10th Gen,122490,0
962,Lenovo IdeaPad 3 CB Celeron Dual Core,20490,3.6
963,HP Victus Intel Core i5 11th Gen,58990,4.1
964,HP Pavilion Gaming Ryzen 7 Octa Core AMD R7,79900,4.4
965,MSI Pulse GL66 Core i7 11th Gen,102490,4.6
966,Lenovo Legion 7i Core i7 10th Gen,159990,0
967,HP Victus Intel Core i5 12th Gen,64990,4.3
968,HP Pavilion Ryzen 5 Hexa Core 5500U,51790,4.4
969,Infinix X1 Slim Series Core i7 10th Gen,47990,3.7
970,HP Pavilion Plus Creator OLED Eyesafe (2023) Intel H,77990,4
971,HP Victus Ryzen 7 Octa Core 5800H,81990,4
972,ASUS ZenBook 13 Core i5 8th Gen,66990,4.1
973,HP Ryzen 3 Dual Core 3250U,40150,4.3
974,ASUS Ryzen 5 Octa Core,75900,0
975,HP Victus Intel Core i7 12th Gen,82990,4.5
976,DELL Inspiron 3510 Pentium Quad Core 11th Gen,35500,3.2
977,DELL Core i5 11th Gen,115790,0
978,DELL Core i3 11th Gen,39299,4.3
979,HP OMEN Ryzen 7 Octa Core AMD R7,110380,4.3
980,Lenovo IdeaPad Gaming Ryzen 5 Hexa Core 5600H,59990,4.1
981,ASUS ExpertBook P1 Core i3 10th Gen,31490,3.8
982,Lenovo Yoga Slim 7 Pro Core i7 12th Gen,138295,0
983,Lenovo Ryzen 5 Hexa Core,63900,0
984,ASUS Vivobook Ultra K15 Core i3 11th Gen,41990,3
985,Lenovo Yoga Core i7 10th Gen,140490,2
986,LG Gram Core i5 12th Gen,89990,0
987,HP Victus Intel Core i5 11th Gen,58990,4.1
988,ASUS Core i3 12th Gen,41950,4
989,HP Pavilion Intel Core i5 11th Gen,59000,4.1
990,Lenovo Yoga Slim 7 Intel Core i5 10th Gen,70990,3.9
991,HP Victus Intel Core i5 12th Gen,64990,4.3
992,DELL XPS 13 Core i7 8th Gen,114990,1.7
993,Lenovo ThinkPad Core i5 10th Gen,122490,0
994,acer ConceptD 5 Core i5 8th Gen,92990,0
995,MSI Bravo 15 Ryzen 7 Octa Core 5800H,62990,0
996,DELL Inspiron Core i5 11th Gen,65990,4.2
997,DELL Core i3 11th Gen,39299,4.3
998,acer Nitro 5 Ryzen 5 Hexa Core 5600H,68990,4.3
999,HP Victus Ryzen 7 Octa Core 5800H,81990,4
1000,ASUS ExpertBook P1 Core i5 10th Gen,49999,0
1001,ASUS Ryzen 7 Quad Core,89900,0
1002,Primebook 4G Android Based MediaTek MT8788,16990,4.3
1003,HP Pavilion Gaming Ryzen 7 Octa Core AMD R7,79999,4.4
1004,ASUS ROG Strix G15 (2022) Ryzen 7 Octa Core AMD R7,100990,3.9
1005,HP Core i3 11th Gen,39990,4.1
1006,Lenovo Core i7 10th Gen,163000,0
1007,HP Victus Intel Core i7 12th Gen,82990,4.5
